{
  "checkpoints": [
    "{\n  \"stub\": false,\n  \"trainable_name\": \"PPO\",\n  \"trial_id\": \"674ae_00000\",\n  \"sync_config\": {\n    \"_type\": \"CLOUDPICKLE_FALLBACK\",\n    \"value\": \"80059593000000000000008c0f7261792e74756e652e73796e636572948c0a53796e63436f6e6669679493942981947d94288c0a75706c6f61645f646972944e8c0673796e636572948c046175746f948c0b73796e635f706572696f64944d2c018c0c73796e635f74696d656f7574944d08078c0e73796e635f61727469666163747394888c1273796e635f6f6e5f636865636b706f696e74948875622e\"\n  },\n  \"_orig_experiment_path\": \"/Users/akest/Desktop/Innostage/main_work/qweqwe/training_results/230720_162906_PPO_agent_experiment\",\n  \"_orig_experiment_dir_name\": \"230720_162906_PPO_agent_experiment\",\n  \"_local_experiment_path\": \"/Users/akest/Desktop/Innostage/main_work/qweqwe/training_results/230720_162906_PPO_agent_experiment\",\n  \"_remote_experiment_path\": null,\n  \"config\": {\n    \"env\": \"DataCenterEnv\",\n    \"framework\": \"torch\",\n    \"env_config\": {\n      \"eplus_path\": \"/Applications/EnergyPlus-23-1-0/\",\n      \"weather_file\": \"weather/Moscow.epw\",\n      \"days\": 366,\n      \"timestep\": 12,\n      \"verbose\": 0\n    },\n    \"vf_clip_param\": 10000.0,\n    \"entropy_coeff\": 0,\n    \"kl_target\": 0.1,\n    \"clip_param\": 0.2,\n    \"lr_schedule\": [\n      [\n        0,\n        0.000115\n      ],\n      [\n        105408,\n        0.001125\n      ],\n      [\n        1054080,\n        0.0011\n      ],\n      [\n        2108160,\n        0.001\n      ],\n      [\n        3689280,\n        0.0005\n      ],\n      [\n        4743360,\n        0.00025\n      ],\n      [\n        5797440,\n        0.0001\n      ],\n      [\n        6851520,\n        5e-05\n      ],\n      [\n        7905600,\n        1e-05\n      ],\n      [\n        8959680,\n        5e-06\n      ],\n      [\n        10013760,\n        1e-06\n      ],\n      [\n        10540800,\n        5e-07\n      ],\n      [\n        11594880,\n        1e-07\n      ],\n      [\n        12648960,\n        5e-08\n      ]\n    ],\n    \"num_workers\": 1,\n    \"num_envs_per_worker\": 1,\n    \"num_cpus_per_worker\": 6,\n    \"num_gpus_per_worker\": 0,\n    \"soft_horizon\": true,\n    \"horizon\": 288,\n    \"rollout_fragment_length\": 288,\n    \"metrics_smoothing_episodes\": 1,\n    \"train_batch_size\": 288,\n    \"batch_mode\": \"truncate_episodes\",\n    \"sgd_minibatch_size\": 64,\n    \"disable_env_checking\": true,\n    \"timesteps_per_iteration\": 288,\n    \"clip_actions\": true\n  },\n  \"_Trial__unresolved_config\": {\n    \"env\": \"DataCenterEnv\",\n    \"framework\": \"torch\",\n    \"env_config\": {\n      \"eplus_path\": \"/Applications/EnergyPlus-23-1-0/\",\n      \"weather_file\": \"weather/Moscow.epw\",\n      \"days\": 366,\n      \"timestep\": 12,\n      \"verbose\": 0\n    },\n    \"vf_clip_param\": 10000.0,\n    \"entropy_coeff\": 0,\n    \"kl_target\": 0.1,\n    \"clip_param\": 0.2,\n    \"lr_schedule\": [\n      [\n        0,\n        0.000115\n      ],\n      [\n        105408,\n        0.001125\n      ],\n      [\n        1054080,\n        0.0011\n      ],\n      [\n        2108160,\n        0.001\n      ],\n      [\n        3689280,\n        0.0005\n      ],\n      [\n        4743360,\n        0.00025\n      ],\n      [\n        5797440,\n        0.0001\n      ],\n      [\n        6851520,\n        5e-05\n      ],\n      [\n        7905600,\n        1e-05\n      ],\n      [\n        8959680,\n        5e-06\n      ],\n      [\n        10013760,\n        1e-06\n      ],\n      [\n        10540800,\n        5e-07\n      ],\n      [\n        11594880,\n        1e-07\n      ],\n      [\n        12648960,\n        5e-08\n      ]\n    ],\n    \"num_workers\": 1,\n    \"num_envs_per_worker\": 1,\n    \"num_cpus_per_worker\": 6,\n    \"num_gpus_per_worker\": 0,\n    \"soft_horizon\": true,\n    \"horizon\": 288,\n    \"rollout_fragment_length\": 288,\n    \"metrics_smoothing_episodes\": 1,\n    \"train_batch_size\": 288,\n    \"batch_mode\": \"truncate_episodes\",\n    \"sgd_minibatch_size\": 64,\n    \"disable_env_checking\": true,\n    \"timesteps_per_iteration\": 288,\n    \"clip_actions\": true\n  },\n  \"evaluated_params\": {},\n  \"experiment_tag\": \"0\",\n  \"location\": {\n    \"_type\": \"CLOUDPICKLE_FALLBACK\",\n    \"value\": \"80059546000000000000008c197261792e74756e652e6578706572696d656e742e747269616c948c095f4c6f636174696f6e9493942981947d94288c08686f73746e616d65944e8c03706964944e75622e\"\n  },\n  \"stopping_criterion\": {\n    \"training_iteration\": 43920\n  },\n  \"_setup_default_resource\": true,\n  \"_default_placement_group_factory\": \"80054e2e\",\n  \"placement_group_factory\": \"800595b9000000000000008c237261792e74756e652e657865637574696f6e2e706c6163656d656e745f67726f757073948c15506c6163656d656e7447726f7570466163746f72799493942981947d94288c085f62756e646c6573945d94287d948c0343505594473ff0000000000000737d94680847401800000000000073658c155f686561645f62756e646c655f69735f656d70747994898c095f7374726174656779948c045041434b948c055f6172677394298c075f6b7761726773947d9475622e\",\n  \"log_to_file\": [\n    null,\n    null\n  ],\n  \"max_failures\": 0,\n  \"_last_result\": {},\n  \"_default_result_or_future\": null,\n  \"last_update_time\": -Infinity,\n  \"metric_analysis\": {},\n  \"n_steps\": [\n    5,\n    10\n  ],\n  \"metric_n_steps\": {},\n  \"export_formats\": [],\n  \"status\": \"PENDING\",\n  \"start_time\": null,\n  \"relative_logdir\": \"PPO_DataCenterEnv_674ae_00000_0_2023-07-20_16-29-07\",\n  \"runner\": null,\n  \"last_debug\": 0,\n  \"error_filename\": null,\n  \"pickled_error_filename\": null,\n  \"trial_name_creator\": null,\n  \"trial_dirname_creator\": null,\n  \"custom_trial_name\": null,\n  \"custom_dirname\": null,\n  \"experiment_dir_name\": \"230720_162906_PPO_agent_experiment\",\n  \"saving_to\": null,\n  \"checkpoint_config\": {\n    \"_type\": \"CLOUDPICKLE_FALLBACK\",\n    \"value\": \"800595fe000000000000008c0e7261792e6169722e636f6e666967948c10436865636b706f696e74436f6e6669679493942981947d94288c0b6e756d5f746f5f6b656570944e8c1a636865636b706f696e745f73636f72655f617474726962757465948c12747261696e696e675f697465726174696f6e948c16636865636b706f696e745f73636f72655f6f72646572948c036d6178948c14636865636b706f696e745f6672657175656e6379944b058c11636865636b706f696e745f61745f656e6494888c1a5f636865636b706f696e745f6b6565705f616c6c5f72616e6b7394898c1f5f636865636b706f696e745f75706c6f61645f66726f6d5f776f726b657273948975622e\"\n  },\n  \"checkpoint_manager\": {\n    \"_type\": \"CLOUDPICKLE_FALLBACK\",\n    \"value\": 