{"custom_metrics": {}, "episode_media": {}, "info": {"learner": {"default_policy": {"learner_stats": {"allreduce_latency": 0.0, "grad_gnorm": 7.733537821295869, "cur_kl_coeff": 1.5187500000000003, "cur_lr": 0.0010000000000000007, "total_loss": 10.027815453086008, "policy_loss": 0.002562059839102018, "vf_loss": 10.0, "vf_explained_var": 1.1012564301852683e-07, "kl": 0.016627750213574776, "entropy": 7.256302764738554, "entropy_coeff": 0.0}, "model": {}, "custom_metrics": {}, "num_agent_steps_trained": 64.0, "num_grad_updates_lifetime": 24705.5, "diff_num_grad_updates_vs_sampler_policy": 24704.5}}, "num_env_steps_sampled": 2213568, "num_env_steps_trained": 2213568, "num_agent_steps_sampled": 2213568, "num_agent_steps_trained": 2213568}, "sampler_results": {"episode_reward_max": -243781955.2597775, "episode_reward_min": -243781955.2597775, "episode_reward_mean": -243781955.2597775, "episode_len_mean": 105408.0, "episode_media": {}, "episodes_this_iter": 1, "policy_reward_min": {}, "policy_reward_max": {}, "policy_reward_mean": {}, "custom_metrics": {}, "hist_stats": {"episode_reward": [-243781955.2597775], "episode_lengths": [105408]}, "sampler_perf": {"mean_raw_obs_processing_ms": 0.2889486927960767, "mean_inference_ms": 0.43103264012115206, "mean_action_processing_ms": 0.09301170661653473, "mean_env_wait_ms": 1.6892323109760914, "mean_env_render_ms": 0.0}, "num_faulty_episodes": 0, "connector_metrics": {"ObsPreprocessorConnector_ms": 0.006127357482910156, "StateBufferConnector_ms": 0.0026464462280273438, "ViewRequirementAgentConnector_ms": 0.07367134094238281}}, "episode_reward_max": -243781955.2597775, "episode_reward_min": -243781955.2597775, "episode_reward_mean": -243781955.2597775, "episode_len_mean": 105408.0, "episodes_this_iter": 1, "policy_reward_min": {}, "policy_reward_max": {}, "policy_reward_mean": {}, "hist_stats": {"episode_reward": [-243781955.2597775], "episode_lengths": [105408]}, "sampler_perf": {"mean_raw_obs_processing_ms": 0.2889486927960767, "mean_inference_ms": 0.43103264012115206, "mean_action_processing_ms": 0.09301170661653473, "mean_env_wait_ms": 1.6892323109760914, "mean_env_render_ms": 0.0}, "num_faulty_episodes": 0, "connector_metrics": {"ObsPreprocessorConnector_ms": 0.006127357482910156, "StateBufferConnector_ms": 0.0026464462280273438, "ViewRequirementAgentConnector_ms": 0.07367134094238281}, "num_healthy_workers": 1, "num_in_flight_async_reqs": 0, "num_remote_worker_restarts": 0, "num_agent_steps_sampled": 2213568, "num_agent_steps_trained": 2213568, "num_env_steps_sampled": 2213568, "num_env_steps_trained": 2213568, "num_env_steps_sampled_this_iter": 105408, "num_env_steps_trained_this_iter": 105408, "num_env_steps_sampled_throughput_per_sec": 265.59634061482944, "num_env_steps_trained_throughput_per_sec": 265.59634061482944, "timesteps_total": 2213568, "num_steps_trained_this_iter": 105408, "agent_timesteps_total": 2213568, "timers": {"training_iteration_time_ms": 396872.906, "sample_time_ms": 265929.327, "load_time_ms": 1.692, "load_throughput": 62287009.866, "learn_time_ms": 130917.9, "learn_throughput": 805.146, "synch_weights_time_ms": 2.087}, "counters": {"num_env_steps_sampled": 2213568, "num_env_steps_trained": 2213568, "num_agent_steps_sampled": 2213568, "num_agent_steps_trained": 2213568}, "done": true, "episodes_total": 21, "training_iteration": 21, "trial_id": "d4cab_00000", "date": "2023-07-14_15-48-45", "timestamp": 1689338925, "time_this_iter_s": 396.8792772293091, "time_total_s": 8450.240140914917, "pid": 54216, "hostname": "MacBook-Air-Bulat-2.local", "node_ip": "127.0.0.1", "config": {"extra_python_environs_for_driver": {}, "extra_python_environs_for_worker": {}, "num_gpus": 0, "num_cpus_per_worker": 5, "num_gpus_per_worker": 0, "_fake_gpus": false, "num_learner_workers": 0, "num_gpus_per_learner_worker": 0, "num_cpus_per_learner_worker": 1, "local_gpu_idx": 0, "custom_resources_per_worker": {}, "placement_strategy": "PACK", "eager_tracing": false, "eager_max_retraces": 20, "tf_session_args": {"intra_op_parallelism_threads": 2, "inter_op_parallelism_threads": 2, "gpu_options": {"allow_growth": true}, "log_device_placement": false, "device_count": {"CPU": 1}, "allow_soft_placement": true}, "local_tf_session_args": {"intra_op_parallelism_threads": 8, "inter_op_parallelism_threads": 8}, "env": "DataCenterEnv", "env_config": {"eplus_path": "/Applications/EnergyPlus-23-1-0/", "weather_file": "weather/Moscow.epw", "days": 366, "timestep": 12, "verbose": 1}, "observation_space": null, "action_space": null, "env_task_fn": null, "render_env": false, "clip_rewards": null, "normalize_actions": true, "clip_actions": false, "disable_env_checking": true, "is_atari": false, "auto_wrap_old_gym_envs": true, "num_envs_per_worker": 1, "sample_collector": "<class 'ray.rllib.evaluation.collectors.simple_list_collector.SimpleListCollector'>", "sample_async": false, "enable_connectors": true, "rollout_fragment_length": 120, "batch_mode": "complete_episodes", "remote_worker_envs": false, "remote_env_batch_wait_ms": 0, "validate_workers_after_construction": true, "preprocessor_pref": "deepmind", "observation_filter": "NoFilter", "synchronize_filters": true, "compress_observations": false, "enable_tf1_exec_eagerly": false, "sampler_perf_stats_ema_coef": null, "gamma": 0.99, "lr": 0.001, "lr_schedule": null, "grad_clip": null, "grad_clip_by": "global_norm", "train_batch_size": 120, "model": {"_disable_preprocessor_api": false, "_disable_action_flattening": false, "fcnet_hiddens": [256, 256], "fcnet_activation": "tanh", "conv_filters": null, "conv_activation": "relu", "post_fcnet_hiddens": [], "post_fcnet_activation": "relu", "free_log_std": false, "no_final_linear": false, "vf_share_layers": false, "use_lstm": false, "max_seq_len": 20, "lstm_cell_size": 256, "lstm_use_prev_action": false, "lstm_use_prev_reward": false, "_time_major": false, "use_attention": false, "attention_num_transformer_units": 1, "attention_dim": 64, "attention_num_heads": 1, "attention_head_dim": 32, "attention_memory_inference": 50, "attention_memory_training": 50, "attention_position_wise_mlp_dim": 32, "attention_init_gru_gate_bias": 2.0, "attention_use_n_prev_actions": 0, "attention_use_n_prev_rewards": 0, "framestack": true, "dim": 84, "grayscale": false, "zero_mean": true, "custom_model": null, "custom_model_config": {}, "custom_action_dist": null, "custom_preprocessor": null, "encoder_latent_dim": null, "always_check_shapes": false, "lstm_use_prev_action_reward": -1, "_use_default_native_models": -1}, "optimizer": {}, "max_requests_in_flight_per_sampler_worker": 2, "_learner_class": null, "_enable_learner_api": false, "explore": true, "exploration_config": {"type": "StochasticSampling"}, "policy_states_are_swappable": false, "input_config": {}, "actions_in_input_normalized": false, "postprocess_inputs": false, "shuffle_buffer_size": 0, "output": null, "output_config": {}, "output_compress_columns": ["obs", "new_obs"], "output_max_file_size": 67108864, "offline_sampling": false, "evaluation_interval": null, "evaluation_duration": 10, "evaluation_duration_unit": "episodes", "evaluation_sample_timeout_s": 180.0, "evaluation_parallel_to_training": false, "evaluation_config": null, "off_policy_estimation_methods": {}, "ope_split_batch_by_episode": true, "evaluation_num_workers": 0, "always_attach_evaluation_results": false, "enable_async_evaluation": false, "in_evaluation": false, "sync_filters_on_rollout_workers_timeout_s": 60.0, "keep_per_episode_custom_metrics": false, "metrics_episode_collection_timeout_s": 60.0, "metrics_num_episodes_for_smoothing": 100, "min_time_s_per_iteration": null, "min_train_timesteps_per_iteration": 0, "min_sample_timesteps_per_iteration": 0, "export_native_model_files": false, "checkpoint_trainable_policies_only": false, "logger_creator": null, "logger_config": null, "log_level": "WARN", "log_sys_usage": true, "fake_sampler": false, "seed": null, "worker_cls": null, "ignore_worker_failures": false,